Name,admitYear,creditsEarned,concDeclared,email
Rollin Nicol,2005,37,true,rnicol0@diigo.com
Cammy Mogg,2000,90,true,cmogg1@ed.gov
Flore Gleader,2000,168,false,fgleader2@constantcontact.com
Simone Kerwin,2003,54,true,skerwin3@timesonline.co.uk
Silvanus Machans,2012,1,false,smachans4@imageshack.us
Harbert Vasilchenko,2001,96,false,hvasilchenko5@hao123.com
Colan Djurisic,2011,125,false,cdjurisic6@mashable.com
Arlen Pancoast,1999,42,true,apancoast7@ucoz.com
Cathlene Renne,2000,128,true,crenne8@tmall.com
Ailsun Firbanks,2009,92,true,afirbanks9@parallels.com
Rock Shale,1999,148,false,rshalea@t-online.de
Euphemia Kingscott,2008,38,false,ekingscottb@arstechnica.com
Reinhard Frankham,1990,103,false,rfrankhamc@slate.com
Eugenio Dorrington,1970,65,true,edorringtond@smh.com.au
Kaitlyn Carrol,1987,19,true,kcarrole@pinterest.com
Cyrillus Overill,2011,139,false,coverillf@sfgate.com
Audrye Sandal,2002,22,false,asandalg@craigslist.org
Suellen Henlon,2002,94,false,shenlonh@joomla.org
Erroll Houchin,1994,13,true,ehouchini@nba.com
Devin Clawe,2010,93,false,dclawej@imdb.com
Greggory Oganian,2011,115,false,goganiank@tripod.com
Holmes Muck,2003,50,false,hmuckl@google.nl
Raquela Gabits,2007,150,false,rgabitsm@fda.gov
Sally Valett,2011,95,false,svalettn@globo.com
Lotta Bulstrode,1991,127,true,lbulstrodeo@homestead.com
Jacques Motto,2000,125,true,jmottop@unicef.org
Gene Goldspink,1993,42,false,ggoldspinkq@plala.or.jp
Kirbee Fudge,1985,118,false,kfudger@freewebs.com
Jarret Harrison,2011,84,true,jharrisons@guardian.co.uk
Sammy Petrovykh,1995,101,false,spetrovykht@buzzfeed.com
Hilario Enever,2009,83,false,heneveru@lulu.com
Conny Town,1993,106,true,ctownv@google.com.br
Garvin Heard,2009,170,false,gheardw@mediafire.com
Corinne Geator,2010,133,false,cgeatorx@ihg.com
Malinde Schuh,2004,73,true,mschuhy@moonfruit.com
Rochette Knagges,2013,69,true,rknaggesz@yellowbook.com
Jessamine Camoys,2011,68,false,jcamoys10@theatlantic.com
Karita Trehearne,1997,94,true,ktrehearne11@nih.gov
Shepherd Sargint,1991,146,false,ssargint12@icio.us
Edd Dayment,1996,171,false,edayment13@bbb.org
Dasya Oxenham,1990,17,true,doxenham14@google.it
Brion Christofides,1992,166,false,bchristofides15@chron.com
Angil Alkin,1984,78,false,aalkin16@columbia.edu
Feodor Chatfield,2010,158,true,fchatfield17@kickstarter.com
Prisca Mitford,1997,31,false,pmitford18@google.com
Hymie Januszewski,2010,123,true,hjanuszewski19@quantcast.com
Sigismundo Yaxley,1967,52,false,syaxley1a@un.org
Sutherland Feedham,1996,23,true,sfeedham1b@purevolume.com
Mano Quantick,2001,169,true,mquantick1c@alibaba.com
Evvy Duguid,2002,118,false,eduguid1d@devhub.com
Horacio Karleman,1995,171,false,hkarleman1e@php.net
Hugibert Pepin,2002,16,false,hpepin1f@netscape.com
Florentia Tutton,1987,166,false,ftutton1g@soup.io
Killie McCowen,2002,110,false,kmccowen1h@about.com
Gaston Longridge,2006,134,false,glongridge1i@rambler.ru
Sharla Palatino,2000,51,true,spalatino1j@jiathis.com
Nona Tollady,1964,67,true,ntollady1k@clickbank.net
Durand Orys,2011,159,true,dorys1l@about.me
Devina Lynnitt,1992,5,false,dlynnitt1m@taobao.com
Delcine Kabisch,1992,152,true,dkabisch1n@toplist.cz
Lusa Shoosmith,1998,147,false,lshoosmith1o@cdbaby.com
Con Dries,1985,90,true,cdries1p@toplist.cz
Helenka Dumbrell,1988,54,false,hdumbrell1q@skype.com
Shepperd Wooller,2009,57,true,swooller1r@drupal.org
Marylou MacElharge,1983,111,false,mmacelharge1s@msn.com
Jilli Hearnshaw,2003,88,false,jhearnshaw1t@qq.com
Bettye Plewright,1999,161,false,bplewright1u@cbslocal.com
Dominique Kleeman,2011,88,true,dkleeman1v@mapy.cz
Lyda Velti,1998,153,true,lvelti1w@github.com
Kaspar Charlesworth,1989,161,false,kcharlesworth1x@ucoz.ru
Myrle Borgne,2010,113,true,mborgne1y@acquirethisname.com
Stevena Philipeaux,2008,90,false,sphilipeaux1z@w3.org
Albrecht Geroldi,2003,102,false,ageroldi20@dot.gov
Jillene Chaman,2011,152,false,jchaman21@bigcartel.com
Collete Olennikov,1990,174,true,colennikov22@diigo.com
Foster Maplestone,1998,113,false,fmaplestone23@diigo.com
Evanne McPhillimey,2012,79,false,emcphillimey24@nih.gov
Rachelle Matus,2003,120,true,rmatus25@uol.com.br
Morena Bench,1994,93,false,mbench26@prweb.com
Forest Whoston,1995,45,true,fwhoston27@com.com
David De Witt,2009,154,false,dde28@microsoft.com
Gayle Seiler,1999,90,true,gseiler29@purevolume.com
Delia Pellissier,2005,14,false,dpellissier2a@squidoo.com
Brockie Verney,1987,101,true,bverney2b@pagesperso-orange.fr
Kim Kellie,2004,95,true,kkellie2c@bigcartel.com
Peggi Anscombe,2003,26,true,panscombe2d@sitemeter.com
Oralle Smorthit,1996,147,false,osmorthit2e@freewebs.com
Desdemona Shedden,1999,169,false,dshedden2f@mit.edu
Noby Rapley,1995,91,true,nrapley2g@google.ca
Gwyn Curee,2008,54,true,gcuree2h@paypal.com
Francisco Messenbird,2010,23,false,fmessenbird2i@salon.com
Hartley Cordner,2008,29,false,hcordner2j@jiathis.com
Vi Bredgeland,2012,85,false,vbredgeland2k@unicef.org
Davin Hallitt,2013,96,true,dhallitt2l@soup.io
Gavrielle Crenshaw,1990,66,false,gcrenshaw2m@sohu.com
Tedmund Talby,2004,103,true,ttalby2n@nationalgeographic.com
Dell Osipov,1999,16,false,dosipov2o@nbcnews.com
Kylen Renols,1997,65,true,krenols2p@discovery.com
Mindy Praill,2008,105,false,mpraill2q@archive.org
Halley Carlow,1965,95,false,hcarlow2r@hp.com
